{
  "generatedAt": "2026-04-29T22:29:00.629Z",
  "pipelineVersion": "1.0",
  "summary": {
    "totalChunks": 28,
    "failedChunks": 0,
    "totalSeconds": 140,
    "videoDuration": 140.017
  },
  "implementationStatus": {
    "state": "computed",
    "dataSource": "derived-from-phase2.chunkAnalysis"
  },
  "averages": {
    "patience": 0.7499999999999987,
    "boredom": 0.24999999999999994,
    "excitement": 0.8250000000000012
  },
  "peakMoments": {
    "patience": {
      "highest": {
        "timestamp": 40,
        "score": 0.9
      },
      "lowest": {
        "timestamp": 85,
        "score": 0.6
      }
    },
    "boredom": {
      "highest": {
        "timestamp": 105,
        "score": 1
      },
      "lowest": {
        "timestamp": 0,
        "score": 0.2
      }
    },
    "excitement": {
      "highest": {
        "timestamp": 40,
        "score": 1
      },
      "lowest": {
        "timestamp": 95,
        "score": 0.4
      }
    }
  },
  "trends": {
    "patience": {
      "direction": "stable",
      "change": -0.028571428571428248,
      "firstHalfAverage": 0.7642857142857139,
      "secondHalfAverage": 0.7357142857142857
    },
    "boredom": {
      "direction": "increasing",
      "change": 0.10000000000000009,
      "firstHalfAverage": 0.19999999999999973,
      "secondHalfAverage": 0.2999999999999998
    },
    "excitement": {
      "direction": "stable",
      "change": 0.007142857142856673,
      "firstHalfAverage": 0.8214285714285711,
      "secondHalfAverage": 0.8285714285714277
    }
  },
  "frictionIndex": 77.19940476190476
}